"Päivitetty","Kunta","Varmuus","Pisteet","Nimi","URL","Kunnan sivu","HTTP","Osumat"
"12.5.2026 klo 09.11","akaa","korkea","410","Liikuntaryhmät 2026","https://akaa.fi/tee-ja-viihdy/liikunta/erityisryhmien-liikunta/liikuntaryhmat/","https://akaa.fi/","200","liikuntaryhm; ikääntyneiden liikunta; tuolijumppa; vesijumppa; jumppa; erityisliikunta; liikuntaneuvonta; liikuntapalvelut; senior"
"12.5.2026 klo 09.11","alajärvi","keskitaso","80","Liikuntaryhmät ja -välineet","https://alajarvi.fi/kulttuuri-ja-vapaa-aika/liikunta/liikuntaryhmat/","https://alajarvi.fi/","200","liikuntaryhm; liikuntapalvelut"
"12.5.2026 klo 09.11","alavieska","ei löytynyt","20","","","https://www.alavieska.fi/","200",""
"12.5.2026 klo 09.11","alavus","korkea","255","Ik&auml;ihmisten ja aikuisten ohjattu liikunta","https://www.alavus.fi/fi/vapaa-aika/liikunta/ohjattu-liikunta/aikuiset-ja-ikaihmiset.html","https://www.alavus.fi/","200","ohjattu liikunta; liikuntaryhm; tuolijumppa; jumppa; senior"
"12.5.2026 klo 09.11","asikkala","ei löytynyt","0","","","https://asikkala.fi/","200",""
"12.5.2026 klo 09.11","askola","korkea","180","3.9. Liikuntaryhmä senioreille","https://askola.fi/tapahtuma/3-9-liikuntaryhma-senioreille/","https://askola.fi/","200","liikuntaryhm; jumppa; liikuntaneuvonta; senior"
"12.5.2026 klo 09.11","aura","ei löytynyt","20","","","https://aura.fi/","200",""
"12.5.2026 klo 09.11","brändö","ei löytynyt","0","","","https://www.brando.ax/","200",""
"12.5.2026 klo 09.11","eckerö","ei löytynyt","0","","","https://www.eckero.ax/","200",""
"12.5.2026 klo 09.11","enonkoski","korkea","280","Liikuntapalvelut","https://enonkoski.fi/asukkaille/liikuntapalvelut/","https://enonkoski.fi/","200","ohjattu liikunta; liikuntaryhm; senioreiden liikunta; liikuntaneuvonta; liikuntapalvelut; senior"
"12.5.2026 klo 09.11","espoo","korkea","200","Liikuntaneuvonta","https://www.espoo.fi/fi/liikunta-ja-luonto/liikuntaryhmat-ja-kurssit/liikuntaneuvonta","https://www.espoo.fi","200","liikuntaryhm; soveltava liikunta; liikuntaneuvonta"
"12.5.2026 klo 09.11","eura","korkea","330","Liikuntaryhmät","https://www.eura.fi/kulttuuri-ja-vapaa-aika/liikunta/kuntoilu-ja-ikaihmisten-liikunta/kuntoliikuntaryhmat/","https://www.eura.fi/","200","liikuntaryhm; ikäihmisten liikunta; tuolijumppa; jumppa; terveysliikunta; liikuntaneuvonta; liikuntapalvelut"
"12.5.2026 klo 09.11","eurajoki","ei löytynyt","0","","","https://www.eurajoki.fi/","403",""
"12.5.2026 klo 09.11","evijärvi","ei löytynyt","0","","","https://evijarvi.fi/","200",""
"12.5.2026 klo 09.11","finström","ei löytynyt","0","","","https://www.finstrom.ax/","200",""
"12.5.2026 klo 09.11","forssa","korkea","410","LiikuntaPALVELUIDEN j&auml;rjest&auml;m&auml;t Liikuntaryhm&auml;t eri kohderyhmille","https://www.forssa.fi/vapaa-aika-ja-matkailu/liikunta/liikuntaryhmat/","https://www.forssa.fi/","200","liikuntaryhm; ikäihmisten liikunta; tuolijumppa; jumppa; soveltava liikunta; erityisliikunta; liikuntaneuvonta; liikuntapalvelut"
"12.5.2026 klo 09.11","föglö","ei löytynyt","0","","","https://www.foglo.ax/","200",""
"12.5.2026 klo 09.11","geta","ei löytynyt","0","","","https://www.geta.ax/","200",""
"12.5.2026 klo 09.11","haapajärvi","korkea","150","Jumppaohjeita kuntalaisille","https://www.haapajarvi.fi/jumppaohjeita-kuntalaisille","https://www.haapajarvi.fi/","200","tuolijumppa; jumppa; liikuntaneuvonta; senior"
"12.5.2026 klo 09.11","haapavesi","ei löytynyt","0","","","https://haapavesi.fi/","TypeError",""
"12.5.2026 klo 09.11","hailuoto","korkea","135","Senioriliikunta","https://hailuoto.fi/liikunta/senioriliikunta/","https://hailuoto.fi/","200","senioriliikunta; jumppa; senior"
"12.5.2026 klo 09.11","halsua","matala","40","HALSUAN KUNTA","https://halsua.fi/liikuntaneuvonta/","https://halsua.fi/","200","liikuntaneuvonta"
"12.5.2026 klo 09.11","hamina","korkea","245","Liikuntaryhmät","https://www.hamina.fi/hyvinvointi-vapaa-aika/liikkuva-hamina/liikuntapalvelut/liikuntaryhmat/","https://www.hamina.fi/","200","liikuntaryhm; vesijumppa; jumppa; liikuntaneuvonta; liikuntapalvelut; senior"
"12.5.2026 klo 09.11","hammarland","ei löytynyt","0","","","https://www.hammarland.ax/","200",""
"12.5.2026 klo 09.11","hankasalmi","korkea","310","Ohjattu liikunta","https://hankasalmi.fi/kulttuuri-liikunta-ja-nuoret/liikuntapalvelut/ohjattu-liikunta/","https://hankasalmi.fi/","200","ohjattu liikunta; liikuntaryhm; tuolijumppa; jumppa; liikuntaneuvonta; liikuntapalvelut"
"12.5.2026 klo 09.11","hanko","keskitaso","75","Soveltava liikunta","https://hanko.fi/kulttuuri-vapaa-aika-ja-nuoriso/liikunta-ja-urheilu/liikunta/soveltava-liikunta/","https://hanko.fi/","200","soveltava liikunta; liikuntaneuvonta"
"12.5.2026 klo 09.11","harjavalta","ei löytynyt","0","","","https://www.harjavalta.fi/","200",""
"12.5.2026 klo 09.11","hartola","korkea","230","Liikuntaneuvonta ja liikuntaryhmät","https://hartola.fi/matkailu-ja-vapaa-aika/liikunta/liikuntaneuvonta/","https://hartola.fi/","200","liikuntaryhm; tuolijumppa; jumppa; liikuntaneuvonta; liikuntapalvelut"
"12.5.2026 klo 09.11","hattula","korkea","470","Soveltava liikunta","https://hattula.fi/soveltava-liikunta/","https://hattula.fi/","200","liikuntaryhm; senioriliikunta; tuolijumppa; tasapainojumppa; vesijumppa; jumppa; soveltava liikunta; liikuntaneuvonta; liikuntapalvelut; senior"
"12.5.2026 klo 09.11","hausjärvi","ei löytynyt","0","","","https://www.hausjarvi.fi/","500",""
"12.5.2026 klo 09.11","heinola","korkea","470","Ikäihmisten liikunta","https://www.heinola.fi/hyvinvointi-ja-vapaa-aika/liikunta-ja-ulkoilu/ohjattu-liikunta-ja-liikuntaneuvonta/ikaihmisten-liikunta/","https://www.heinola.fi/","200","ohjattu liikunta; liikuntaryhm; ikäihmisten liikunta; tuolijumppa; vesijumppa; jumppa; liikuntaneuvonta; liikunta ja ulkoilu; senior"
"12.5.2026 klo 09.11","heinävesi","ei löytynyt","0","","","https://www.heinavesi.fi/","200",""
"12.5.2026 klo 09.11","helsinki","ei löytynyt","0","","","https://hel.fi","200",""
"12.5.2026 klo 09.11","hirvensalmi","korkea","110","HIRVENSALMI","https://www.hirvensalmi.fi/tapahtuma/aikuisten-liikuntaryhma-12/","https://www.hirvensalmi.fi/","200","liikuntaryhm; jumppa"
"12.5.2026 klo 09.11","hollola","korkea","465","Ohjattu liikunta ja sisäliikunta - Hollola","https://hollola.fi/vapaa-aika/liikunta/sisaliikunta/","https://hollola.fi/","200","ohjattu liikunta; ohjattua liikuntaa; liikuntaryhm; tuolijumppa; vesijumppa; jumppa; liikuntaneuvonta; liikuntapalvelut; senior"
"12.5.2026 klo 09.11","huittinen","korkea","510","Senioriliikunta","https://www.huittinen.fi/vapaa-aika/liikuntapalvelut/ohjattu-liikunta/senioriliikunta/","https://www.huittinen.fi/","200","ohjattu liikunta; liikuntaryhm; senioriliikunta; tuolijumppa; vesijumppa; jumppa; soveltava liikunta; liikuntaneuvonta; liikuntapalvelut; senior"
"12.5.2026 klo 09.11","humppila","korkea","310","Ik&auml;ihmisten liikunta","https://www.humppila.fi/vapaa-aika-ja-matkailu/liikunta/ikaihmisten-liikunta/","https://www.humppila.fi/","200","ohjattu liikunta; ikäihmisten liikunta; vesijumppa; jumppa; liikuntaneuvonta; senior"
"12.5.2026 klo 09.11","hyrynsalmi","korkea","335","Liikuntaryhmät","https://hyrynsalmi.fi/kulttuuri-ja-vapaa-aika/liikunta/sisaliikuntapaikat/liikuntaryhmat/","https://www.hyrynsalmi.fi/","200","ohjattua liikuntaa; ohjatut liikuntaryhm; liikuntaryhm; tuolijumppa; jumppa; senior"
"12.5.2026 klo 09.11","hyvinkää","korkea","290","Ohjattu liikunta","https://www.hyvinkaa.fi/kulttuuri-ja-vapaa-aika/liikunta/ohjattu-liikunta/","https://www.hyvinkaa.fi/","200","ohjattu liikunta; liikuntaryhm; erityisliikunta; terveysliikunta; liikuntapalvelut; senior"
"12.5.2026 klo 09.11","hämeenkyrö","korkea","385","Ohjattu liikunta","https://hameenkyro.fi/palvelut/kulttuuri-ja-vapaa-aika/liikunta-ja-ulkoilu/ohjattu-liikunta/","https://hameenkyro.fi/","200","ohjattu liikunta; liikuntaryhm; ikääntyneiden liikunta; tuolijumppa; jumppa; liikuntapalvelut; liikunta ja ulkoilu"
"12.5.2026 klo 09.11","hämeenlinna","ei löytynyt","0","","","https://www.hameenlinna.fi/","200",""
"12.5.2026 klo 09.11","ii","ei löytynyt","0","","","https://www.ii.fi/","200",""
"12.5.2026 klo 09.11","iisalmi","korkea","150","Liikuntapalvelut hakee tuntiohjaajia kaudelle 2025-2026","https://iisalmi.fi/liikuntapalvelut-hakee-tuntiohjaajia-kaudelle-2025-2026/","https://www.iisalmi.fi/","200","liikuntaryhm; jumppa; liikuntapalvelut; senior"
"12.5.2026 klo 09.11","iitti","korkea","290","Liikuntaryhmät","https://www.iitti.fi/vapaa-aika-ja-hyvinvointi/liikunta/liikuntaryhmat/","https://www.iitti.fi/","200","liikuntaryhm; tuolijumppa; vesijumppa; jumppa; liikuntaneuvonta; senior"
"12.5.2026 klo 09.11","ikaalinen","korkea","255","Liikuntaneuvonta","https://ikaalinen.fi/kulttuuri-ja-vapaa-aika/liikuntapalvelut/liikuntaneuvonta/","https://ikaalinen.fi/","200","ohjattu liikunta; liikuntaryhm; terveysliikunta; liikuntaneuvonta; liikuntapalvelut"
"12.5.2026 klo 09.11","ilmajoki","korkea","210","Liikuntaryhmät","https://ilmajoki.fi/harrasta-ja-viihdy/liikunta/liikuntaryhmat/","https://ilmajoki.fi/","200","liikuntaryhm; vesijumppa; jumppa; liikuntaneuvonta; senior"
"12.5.2026 klo 09.11","ilomantsi","ei löytynyt","0","","","https://www.ilomantsi.fi/","200",""
"12.5.2026 klo 09.11","imatra","korkea","500","Soveltava liikunta","https://www.imatra.fi/kulttuuri-ja-liikunta/liikunta/liikuntapalvelut/soveltava-liikunta","https://www.imatra.fi/","200","ohjattu liikunta; liikuntaryhm; ikäihmisten liikunta; vesijumppa; jumppa; soveltava liikunta; terveysliikunta; liikuntaneuvonta; liikuntapalvelut; senior"
"12.5.2026 klo 09.11","inari","korkea","545","Ohjattu liikunta - INARI.FI","https://www.inari.fi/fi/palvelut/sivistyspalvelut/liikuntapalvelut-ja-nuorisotyo/liikuntapalvelut/ohjattu-liikunta.html","https://www.inari.fi/","200","ohjattu liikunta; ohjattua liikuntaa; ohjatut liikuntaryhm; liikuntaryhm; tuolijumppa; vesijumppa; jumppa; liikuntaneuvonta; liikuntapalvelut; senior"
"12.5.2026 klo 09.11","inkoo","ei löytynyt","20","","","https://www.inga.fi/","200",""
"12.5.2026 klo 09.11","isojoki","korkea","120","Äitiysliikuntaryhmä jatkaa toimintaansa syksyllä 2023!","https://isojoki.fi/aitiysliikuntaryhma-jatkaa-toimintaansa-syksylla-2023/","https://isojoki.fi/","200","liikuntaryhm; jumppa; liikunta ja ulkoilu"
"12.5.2026 klo 09.11","isokyrö","keskitaso","80","Liikuntaneuvonta","https://isokyro.fi/hyvinvointi-ja-vapaa-aika/vapaa-aika/liikuntapalvelut/liikuntaneuvonta/","https://isokyro.fi/","200","liikuntaneuvonta; liikuntapalvelut; senior"
"12.5.2026 klo 09.11","janakkala","korkea","590","Ikäihmisten ja erityisryhmien liikunta","https://www.janakkala.fi/vapaa-aika-ja-matkailu/liikunta/ohjattu-liikunta/","https://www.janakkala.fi/","200","ohjattu liikunta; ohjattua liikuntaa; liikuntaryhm; ikäihmisten liikunta; tuolijumppa; vesijumppa; jumppa; erityisliikunta; liikuntaneuvonta; liikuntapalvelut; senior"
"12.5.2026 klo 09.11","joensuu","korkea","560","Soveltava liikunta ja senioriliikunta","https://www.joensuu.fi/vapaa-aika/tekemista-liikkujalle/soveltava-ja-senioriliikunta/","https://www.joensuu.fi/","200","ohjattu liikunta; ohjatut liikuntaryhm; liikuntaryhm; senioriliikunta; ikääntyneiden liikunta; soveltava liikunta; erityisliikunta; liikuntaneuvonta; liikuntapalvelut; senior"
"12.5.2026 klo 09.11","jokioinen","korkea","270","Ohjatut liikuntaryhm&auml;t","https://www.jokioinen.fi/vapaa-aika-ja-hyvinvointi/liikuntatietoa-1522453229/liikuntapaikat/ohjatut-liikuntaryhmat/","https://www.jokioinen.fi/","200","ohjatut liikuntaryhm; liikuntaryhm; jumppa; erityisliikunta; liikuntaneuvonta"
"12.5.2026 klo 09.11","jomala","keskitaso","80","Idrott och motion","https://www.jomala.ax/fritid-och-idrott/idrott-och-motion","https://www.jomala.ax/","200","motion; idrott"
"12.5.2026 klo 09.11","joroinen","ei löytynyt","0","","","https://www.joroinen.fi/","200",""
"12.5.2026 klo 09.11","joutsa","korkea","185","Vapaa-aikatoimen liikuntaryhmät","https://www.joutsa.fi/vapaa-aika/vapaa-aikatoimen-liikuntaryhmat/","https://www.joutsa.fi/","200","liikuntaryhm; vesijumppa; jumppa; liikuntaneuvonta"
"12.5.2026 klo 09.11","juuka","matala","55","Liikuntaneuvonta","https://www.juuka.fi/liikuntaneuvonta","https://www.juuka.fi/","200","liikuntaneuvonta; liikuntapalvelut"
"12.5.2026 klo 09.11","juupajoki","korkea","110","Liikuntapalvelut","https://juupajoki.fi/vapaa-aika-ja-hyvinvointi/liikuntapalvelut/","https://juupajoki.fi/","200","ohjattua liikuntaa; liikuntapalvelut"
"12.5.2026 klo 09.11","juva","ei löytynyt","0","","","https://www.juva.fi/","200",""
"12.5.2026 klo 09.11","jyväskylä","korkea","405","Ohjattu liikunta","https://www.jyvaskyla.fi/liikunta/ohjattu-liikunta","https://www.jyvaskyla.fi/","200","ohjattu liikunta; liikuntaryhm; senioriliikunta; soveltava liikunta; liikuntaneuvonta; liikuntapalvelut; liikunta ja ulkoilu; senior"
"12.5.2026 klo 09.11","jämijärvi","matala","35","Lii­kun­ta­neu­von­ta","https://jamijarvi.fi/vapaa-aika-ja-hyvinvointi/hyvinvointi/liikuntaneuvonta/","https://jamijarvi.fi/","200","liikuntaneuvonta"
"12.5.2026 klo 09.11","jämsä","korkea","170","Lupa liikkua -seniori- ja vammaispassi","https://jamsa.fi/vapaa-aika/liikunta-ja-ulkoilu/erityis-ja-terveysliikunta/lupa-liikkua-seniori-ja-vammaispassi/","https://www.jamsa.fi/","200","liikuntaryhm; terveysliikunta; liikunta ja ulkoilu; senior"
"12.5.2026 klo 09.11","järvenpää","korkea","205","Soveltava liikunta","https://www.jarvenpaa.fi/vapaa-aika-ja-harrastaminen/liikunta-ja-ulkoilu/liikunnanohjauspalvelut/soveltava-liikunta","https://www.jarvenpaa.fi/","200","soveltava liikunta; erityisliikunta; liikuntapalvelut; liikunta ja ulkoilu"
"12.5.2026 klo 09.11","kaarina","korkea","345","Ikääntyvien ohjatut liikuntaryhmät","https://kaarina.fi/fi/kulttuuri-ja-vapaa-aika/liikunta/ikaantyvien-ohjatut-liikuntaryhmat","https://kaarina.fi/","200","ohjatut liikuntaryhm; liikuntaryhm; ikääntyneiden liikunta; tasapainojumppa; jumppa; senior"
"12.5.2026 klo 09.11","kaavi","ei löytynyt","0","","","https://kaavi.fi/","200",""
"12.5.2026 klo 09.11","kajaani","korkea","445","Ohjattu liikunta","https://kajaani.fi/kulttuuri-ja-liikunta/liikunta/ohjattu-liikunta/","https://www.kajaani.fi/","200","ohjattu liikunta; ohjattua liikuntaa; liikuntaryhm; senioriliikunta; jumppa; liikuntaneuvonta; liikuntapalvelut; senior"
"12.5.2026 klo 09.11","kangasala","korkea","385","Ohjattu liikunta","https://www.kangasala.fi/koe-viihdy-ja-ela/liikuntapalvelut/ohjattu-liikunta/","https://www.kangasala.fi/","200","ohjattu liikunta; liikuntaryhm; tuolijumppa; vesijumppa; jumppa; liikuntaneuvonta; liikuntapalvelut; senior"
"12.5.2026 klo 09.11","kangasniemi","korkea","135","Liikunta","https://www.kangasniemi.fi/vapaa-aika-ja-liikunta/liikunta/kayttovuorot-tilavaraukset-ja-hinnasto/liikuntaryhmat/","https://www.kangasniemi.fi/","200","liikuntaryhm; jumppa; liikuntaneuvonta"
"12.5.2026 klo 09.11","kankaanpää","korkea","325","Ohjatut liikuntaryhmät","https://www.kankaanpaa.fi/kulttuuri-liikunta-ja-nuoriso/liikunta/ohjatut-liikuntaryhmat/","https://www.kankaanpaa.fi/","200","ohjatut liikuntaryhm; liikuntaryhm; vesijumppa; jumppa; liikuntaneuvonta; liikuntapalvelut; senior"
"12.5.2026 klo 09.11","kannonkoski","korkea","375","Liikuntaryhmät","https://kannonkoski.fi/liikuntaryhmat","https://kannonkoski.fi/","200","liikuntaryhm; tasapainojumppa; vesijumppa; jumppa; erityisliikunta; liikuntaneuvonta; liikunta ja ulkoilu; senior"
"12.5.2026 klo 09.11","kannus","korkea","130","Ohjat­tu lii­kun­ta","https://kannus.fi/vapaa-aika/liikunta/ajankohtaista/ohjattu-liikunta/","https://kannus.fi/","200","ohjattu liikunta; liikuntapalvelut"
"12.5.2026 klo 09.11","karijoki","matala","50","Elintapaohjaus ja liikuntaneuvonta","https://karijoki.fi/vapaa-aika-ja-matkailu/elintapaohjaus-ja-liikuntaneuvonta/","https://karijoki.fi/","200","liikuntaneuvonta; liikunta ja ulkoilu"
"12.5.2026 klo 09.11","karkkila","korkea","280","Ohjattu liikunta","https://karkkila.fi/kulttuuri-vapaa-aika/liikunta/ohjattu-liikunta/","https://www.karkkila.fi/","200","ohjattu liikunta; liikuntaryhm; senioriliikunta; liikuntaneuvonta; liikuntapalvelut; senior"
"12.5.2026 klo 09.11","karstula","keskitaso","75","Liikuntaneuvonta","https://karstula.fi/vapaa-aika-ja-matkailu/liikunta-ja-ulkoilu/liikuntaneuvonta/","https://karstula.fi/","200","liikuntaneuvonta; liikunta ja ulkoilu; senior"
"12.5.2026 klo 09.11","karvia","matala","40","Liikuntaneuvonta","https://karvia.fi/palvelut/vapaa-aika/liikuntaneuvonta/","https://karvia.fi/","200","liikuntaneuvonta"
"12.5.2026 klo 09.11","kaskinen","ei löytynyt","0","","","https://kaskinen.fi/","200",""
"12.5.2026 klo 09.11","kauhajoki","korkea","360","Ohjattu liikunta","https://kauhajoki.fi/hyvinvointi-ja-vapaa-aika/liikuntapalvelut/ohjattu-liikunta/","https://kauhajoki.fi/","200","ohjattu liikunta; liikuntaryhm; vesijumppa; jumppa; erityisliikunta; liikuntaneuvonta; liikuntapalvelut; senior"
"12.5.2026 klo 09.11","kauhava","ei löytynyt","20","","","https://www.kauhava.fi","200",""
"12.5.2026 klo 09.11","kauniainen","keskitaso","70","Ohjattu liikunta","https://www.kauniainen.fi/kulttuuri-ja-vapaa-aika/liikunta/ohjattu-liikunta/","https://www.kauniainen.fi/","200","ohjattu liikunta; liikuntapalvelut"
"12.5.2026 klo 09.11","kaustinen","korkea","190","Määräaikainen erityisliikuntakortti käyttöön Kaustisen kunnassa","https://kaustinen.fi/ajankohtaista/erityisliikuntakortti-kayttoon-kaustisen-kunnassa/","https://kaustinen.fi/","200","vesijumppa; jumppa; erityisliikunta; liikuntaneuvonta"
"12.5.2026 klo 09.11","keitele","ei löytynyt","20","","","https://www.keitele.fi/","200",""
"12.5.2026 klo 09.11","kemi","korkea","440","Liikuntaneuvonta ja ohjatut liikuntaryhmät","https://www.kemi.fi/vapaa-aika-ja-kulttuuri/liikunta-ja-luonto/liikuntaneuvonta-ja-ohjatut-liikuntaryhmat/","https://www.kemi.fi/","200","ohjatut liikuntaryhm; liikuntaryhm; tuolijumppa; vesijumppa; jumppa; soveltava liikunta; liikuntaneuvonta; liikuntapalvelut; senior"
"12.5.2026 klo 09.11","kemijärvi","matala","55","Liikuntaneuvonta","https://kemijarvi.fi/vapaa-aika-ja-matkailu/kemijarven-liikuntapalvelut/liikuntaneuvonta/","https://kemijarvi.fi/","200","liikuntaneuvonta; liikuntapalvelut"
"12.5.2026 klo 09.11","keminmaa","ei löytynyt","0","","","https://www.keminmaa.fi/","200",""
"12.5.2026 klo 09.11","kemiönsaari","korkea","295","Liikunta","https://www.kemionsaari.fi/vapaa-aika-ja-kulttuuri/urheilu-liikunta/liikunta/","https://en.kimitoon.fi/","200","ohjattu liikunta; liikuntaryhm; senioreiden liikunta; soveltava liikunta; senior"
"12.5.2026 klo 09.11","kempele","korkea","410","Senioreiden liikuntaryhmät","https://kempele.fi/liikunta-ja-ulkoilu/liikuntapalvelut/senioreiden-liikuntaryhmat/","https://www.kempele.fi/","200","liikuntaryhm; senioreiden liikunta; tuolijumppa; jumppa; soveltava liikunta; liikuntaneuvonta; liikuntapalvelut; liikunta ja ulkoilu; senior"
"12.5.2026 klo 09.11","kerava","ei löytynyt","0","","","https://www.kerava.fi","500",""
"12.5.2026 klo 09.11","keuruu","korkea","230","Aikuisten ja senioreiden liikuntaneuvonta","https://keuruu.fi/vapaa-aika-ja-matkailu/liikunta/liikuntaneuvonta/aikuisten-ja-senioreiden-liikuntaneuvonta/","https://www.keuruu.fi/","200","senioreiden liikunta; vesijumppa; jumppa; liikuntaneuvonta; senior"
"12.5.2026 klo 09.11","kinnula","matala","55","Liikuntaneuvonta - Kinnulan kunta","https://www.kinnula.fi/hyvinvointi-liikunta-ja-sote-palvelut/liikuntapalvelut/liikuntaneuvonta.html","https://www.kinnula.fi/","200","liikuntaneuvonta; liikuntapalvelut"
"12.5.2026 klo 09.11","kirkkonummi","korkea","450","Soveltava liikunta","https://kyrkslatt.fi/liikunta/ohjattu-liikunta/soveltava-liikunta/","https://www.kyrkslatt.fi/","200","ohjattu liikunta; liikuntaryhm; tuolijumppa; vesijumppa; jumppa; soveltava liikunta; motion; idrott; senior"
"12.5.2026 klo 09.11","kitee","korkea","320","Ohjattu liikunta","https://www.kitee.fi/ohjattu-liikunta","https://www.kitee.fi/","200","ohjattu liikunta; liikuntaryhm; tuolijumppa; jumppa; liikuntapalvelut; liikunta ja ulkoilu; senior"
"12.5.2026 klo 09.11","kittilä","ei löytynyt","0","","","https://kittila.fi/","200",""
"12.5.2026 klo 09.11","kiuruvesi","korkea","475","Ohjatut liikuntaryhmät 2025-2026","https://kiuruvesi.fi/palvelut/liikunta-ja-ulkoilu/ohjatut-liikuntaryhmat-2024-2025/","https://www.kiuruvesi.fi/","200","ohjatut liikuntaryhm; liikuntaryhm; tuolijumppa; vesijumppa; jumppa; erityisliikunta; terveysliikunta; liikuntapalvelut; liikunta ja ulkoilu; senior"
"12.5.2026 klo 09.11","kivijärvi","ei löytynyt","0","","","https://www.kivijarvi.fi/","200",""
"12.5.2026 klo 09.11","kokemäki","korkea","360","Ohjattu liikunta","https://kokemaki.fi/vapaa-aika/liikunta/ohjattu-liikunta/","https://kokemaki.fi/","200","ohjattu liikunta; liikuntaryhm; tuolijumppa; vesijumppa; jumppa; liikuntaneuvonta; liikuntapalvelut"
"12.5.2026 klo 09.11","kokkola","korkea","470","Soveltava liikunta","https://www.kokkola.fi/vapaa-aika/liikunta/ohjattu-liikunta/soveltava-liikunta/","https://www.kokkola.fi/","200","ohjattu liikunta; ohjatut liikuntaryhm; liikuntaryhm; vesijumppa; jumppa; soveltava liikunta; erityisliikunta; liikuntapalvelut; senior"
"12.5.2026 klo 09.11","konnevesi","matala","40","Liikuntaneuvonta","https://konnevesi.fi/vapaa-aika-ja-kulttuuri/vapaa-aika/liikuntaneuvonta/","https://konnevesi.fi/","200","liikuntaneuvonta"
"12.5.2026 klo 09.11","kontiolahti","korkea","455","Ohjattu liikunta","https://www.kontiolahti.fi/ohjattu-liikunta","https://www.kontiolahti.fi/","200","ohjattu liikunta; liikuntaryhm; tuolijumppa; jumppa; soveltava liikunta; terveysliikunta; liikuntaneuvonta; liikunta ja ulkoilu; senior"
"12.5.2026 klo 09.11","korsnäs","keskitaso","80","Motion och idrottsanläggningar","https://www.korsnas.fi/bibliotek-kultur-och-fritid/motion-och-idrottsanlaggningar/","https://www.korsnas.fi/","200","motion; idrott"
"12.5.2026 klo 09.11","koski tl","korkea","110","Erityisliikuntakortti &#8211; Koski","https://koski.fi/vapaa-aika/erityisliikuntakortti/","https://koski.fi/","200","erityisliikunta; liikuntaneuvonta; liikuntapalvelut"
"12.5.2026 klo 09.11","kotka","korkea","180","Liikuntapalveluiden ohjatut liikuntaryhmät","https://www.kotka.fi/vapaa-aika/liikunta/liikuntaryhmat/","https://www.kotka.fi/","200","ohjatut liikuntaryhm; liikuntaryhm; erityisliikunta"
"12.5.2026 klo 09.11","kouvola","korkea","480","Liikuntaneuvonta","https://www.kouvola.fi/vapaa-aika/liikunta/liikkumaan/liikuntaneuvonta/","https://www.kouvola.fi/","200","ohjattu liikunta; liikuntaryhm; ikääntyneiden liikunta; vesijumppa; jumppa; erityisliikunta; liikuntaneuvonta; liikuntapalvelut; liikunta ja ulkoilu; senior"
"12.5.2026 klo 09.11","kristiinankaupunki","keskitaso","90","Idrott och simhall","https://www.kristinestad.fi/fritid/idrott-och-motion","https://www.kristinestad.fi/","200","motion; idrott; senior"
"12.5.2026 klo 09.11","kruunupyy","ei löytynyt","0","","","https://www.kronoby.fi/","200",""
"12.5.2026 klo 09.11","kuhmo","korkea","270","Terveysliikunta","https://www.kuhmo.fi/kulttuuri-ja-vapaa-aika/liikunta/liikuntaneuvonta/terveysliikunta/","https://www.kuhmo.fi/","200","liikuntaryhm; tuolijumppa; jumppa; terveysliikunta; liikuntaneuvonta; senior"
"12.5.2026 klo 09.11","kuhmoinen","korkea","135","This site requires javascript","https://www.kuhmoinen.fi/tapahtumat/Liikuntatapahtumat/198%20-%20Tuolijumppa","https://www.kuhmoinen.fi/","200","tuolijumppa; jumppa"
"12.5.2026 klo 09.11","kumlinge","ei löytynyt","0","","","https://www.kumlinge.ax/","200",""
"12.5.2026 klo 09.11","kuopio","korkea","380","Vertaisohjatut liikuntaryhmät","https://www.kuopio.fi/vapaa-aika-ja-hyvinvointi/liikkuva-kuopio/vertaisohjattu-liikunta/vertaisohjatut-liikuntarymat/","https://www.kuopio.fi/","200","ohjattu liikunta; ohjatut liikuntaryhm; liikuntaryhm; tuolijumppa; vesijumppa; jumppa"
"12.5.2026 klo 09.11","kuortane","matala","40","Jumppalauantai","https://kuortane.fi/tapahtuma/8301209-jumppalauantai/","https://kuortane.fi/","200","jumppa"
"12.5.2026 klo 09.11","kurikka","korkea","460","Soveltavan liikunnan ohjattu liikunta","https://kurikka.fi/vapaa-aika-ja-matkailu/liikunta/soveltava-liikunta/erityisryhmien-ohjattu-liikunta/","https://kurikka.fi/","200","ohjattu liikunta; ohjattua liikuntaa; ikäihmisten liikunta; vesijumppa; jumppa; soveltava liikunta; liikuntaneuvonta; liikuntapalvelut; senior"
"12.5.2026 klo 09.11","kustavi","keskitaso","75","Liikuntaneuvonta","https://kustavi.fi/hyvinvointi/liikunta-ja-ulkoilu/liikuntaneuvonta/","https://kustavi.fi/","200","liikuntaneuvonta; liikunta ja ulkoilu; senior"
"12.5.2026 klo 09.11","kuusamo","ei löytynyt","0","","","https://www.kuusamo.fi/","500",""
"12.5.2026 klo 09.11","kyyjärvi","ei löytynyt","0","","","https://www.kyyjarvi.fi/","200",""
"12.5.2026 klo 09.11","kärkölä","korkea","305","Liikuntaryhmät","https://karkola.fi/vapaa-aika/liikunta/liikuntaryhmat/","https://www.karkola.fi","200","liikuntaryhm; tuolijumppa; vesijumppa; jumppa; liikuntaneuvonta; liikuntapalvelut; senior"
"12.5.2026 klo 09.11","kärsämäki","ei löytynyt","0","","","https://karsamaki.fi/","200",""
"12.5.2026 klo 09.11","kökar","ei löytynyt","0","","","https://www.kokar.ax/","200",""
"12.5.2026 klo 09.11","lahti","korkea","335","Ohjattu liikunta ja liikuntaneuvonta","https://www.lahti.fi/vapaa-aika/liikunta-ja-ulkoilu/ohjattu-liikunta-ja-liikuntaneuvonta/","https://www.lahti.fi/","200","ohjattu liikunta; ohjattua liikuntaa; liikuntaryhm; liikuntaneuvonta; liikuntapalvelut; liikunta ja ulkoilu"
"12.5.2026 klo 09.11","laihia","korkea","300","Ohjattu liikunta","https://laihia.fi/hyvinvointi-ja-vapaa-aika/liikunta/ohjattu-liikunta/","https://laihia.fi/","200","ohjattu liikunta; liikuntaryhm; vesijumppa; jumppa; liikuntapalvelut; senior"
"12.5.2026 klo 09.11","laitila","ei löytynyt","20","","","https://www.laitila.fi/","200",""
"12.5.2026 klo 09.11","lapinjärvi","korkea","205","Liikuntaneuvonta","https://lapinjarvi.fi/kulttuuri-ja-vapaa-aika/liikunta-ja-ulkoilu/liikuntaneuvonta/","https://lapinjarvi.fi/","200","liikuntaryhm; ikääntyneiden liikunta; liikuntaneuvonta; liikunta ja ulkoilu"
"12.5.2026 klo 09.11","lappajärvi","korkea","210","Liikuntaneuvonta","https://lappajarvi.fi/kulttuuri-ja-vapaa-aika/liikuntaneuvonta/","https://lappajarvi.fi/","200","tuolijumppa; jumppa; terveysliikunta; liikuntaneuvonta; liikuntapalvelut"
"12.5.2026 klo 09.11","lappeenranta","korkea","175","Suosikit","https://lappeenranta.fi/fi/kulttuuri-ja-liikunta/liikunta/ohjattu-liikunta/terveysliikunta-syksy-2025/ohjattujen-liikuntaryhmien-tuntikuvaukset","https://lappeenranta.fi/","200","ohjattu liikunta; liikuntaryhm; terveysliikunta"
"12.5.2026 klo 09.11","lapua","korkea","395","Ohjattu liikunta","https://lapua.fi/kulttuuri-vapaa-aika-ja-matkailu/liikuntapalvelut/ohjattu-liikunta/erityisryhmien-toiminta/","https://lapua.fi/","200","ohjattu liikunta; liikuntaryhm; tuolijumppa; jumppa; soveltava liikunta; terveysliikunta; liikuntapalvelut; senior"
"12.5.2026 klo 09.11","laukaa","korkea","355","Ohjattu liikunta","https://www.laukaa.fi/vapaa-aika/liikunta/ohjattu-liikunta/","https://www.laukaa.fi/","200","ohjattu liikunta; liikuntaryhm; ikäihmisten liikunta; soveltava liikunta; liikuntaneuvonta; liikuntapalvelut; senior"
"12.5.2026 klo 09.11","lemi","ei löytynyt","0","","","https://lemi.fi/","200",""
"12.5.2026 klo 09.11","lemland","ei löytynyt","0","","","https://www.lemland.ax/","200",""
"12.5.2026 klo 09.11","lempäälä","korkea","290","Ohjattu ryhmäliikunta","https://www.lempaala.fi/hyvinvointi-ja-vapaa-aika/liikunta-ja-ulkoilu/ohjattu-liikunta/","https://www.lempaala.fi/","200","ohjattu liikunta; liikuntaryhm; soveltava liikunta; liikuntaneuvonta; liikuntapalvelut; liikunta ja ulkoilu"
"12.5.2026 klo 09.11","leppävirta","ei löytynyt","0","","","https://leppavirta.fi/","200",""
"12.5.2026 klo 09.11","lestijärvi","ei löytynyt","0","","","https://lestijarvi.fi/","200",""
"12.5.2026 klo 09.11","lieksa","keskitaso","75","Liikun­ta­pal­ve­lut","https://www.lieksa.fi/vapaa-aika-kulttuuri-ja-matkailu/liikunta-ja-vapaa-aika/liikuntapalvelut/","https://www.lieksa.fi/","200","jumppa; liikuntapalvelut"
"12.5.2026 klo 09.11","lieto","korkea","250","Tuolijumppa senioreille Ruskassa","https://lieto.fi/lieto/tapahtumat/tuolijumppa-senioreille-ruskassa-13/","https://lieto.fi/","200","senioriliikunta; tuolijumppa; jumppa; liikuntapalvelut; senior"
"12.5.2026 klo 09.11","liminka","korkea","255","Soveltava liikunta","https://www.liminka.fi/kulttuuri-ja-vapaa-aika/liikuntapalvelut/soveltava-liikunta/","https://www.liminka.fi/","200","tuolijumppa; tasapainojumppa; jumppa; soveltava liikunta; liikuntapalvelut; senior"
"12.5.2026 klo 09.11","liperi","korkea","350","Ohjattu liikunta","https://www.liperi.fi/vapaa-aika/liikunta-ja-ulkoilu/ohjattu-liikunta/","https://www.liperi.fi/","200","ohjattu liikunta; liikuntaryhm; vesijumppa; jumppa; liikuntaneuvonta; liikuntapalvelut; liikunta ja ulkoilu"
"12.5.2026 klo 09.11","lohja","korkea","150","Senioriliikunta","https://www.lohja.fi/kulttuuri-vapaa-aika-liikunta/liikunta/senioriliikunta/","https://www.lohja.fi/","200","senioriliikunta; jumppa; liikuntapalvelut; senior"
"12.5.2026 klo 09.11","loimaa","korkea","485","Ohjattu liikunta","https://www.loimaa.fi/vapaa-aika/liikunta/ohjattu-liikunta/","https://www.loimaa.fi/","200","ohjattu liikunta; liikuntaryhm; ikäihmisten liikunta; jumppa; soveltava liikunta; erityisliikunta; terveysliikunta; liikuntaneuvonta; liikuntapalvelut; senior"
"12.5.2026 klo 09.11","loppi","ei löytynyt","0","","","https://www.loppi.fi/","500",""
"12.5.2026 klo 09.11","loviisa","ei löytynyt","0","","","https://www.loviisa.fi/","200",""
"12.5.2026 klo 09.11","luhanka","ei löytynyt","0","","","https://www.luhanka.fi/","200",""
"12.5.2026 klo 09.11","lumijoki","korkea","150","Tuolijumppa","https://www.lumijoki.fi/event/tuolijumppa-4-2-2-2-2/","https://www.lumijoki.fi/","200","tuolijumppa; jumppa; liikuntaneuvonta; senior"
"12.5.2026 klo 09.11","lumparland","ei löytynyt","0","","","https://www.lumparland.ax/","200",""
"12.5.2026 klo 09.11","luoto","keskitaso","105","Larsmo","https://larsmo.fi/kultur-och-fritid/idrott-och-motion/","https://larsmo.fi/","200","motion; idrott; senior"
"12.5.2026 klo 09.11","maalahti","keskitaso","80","Bokningar","https://www.malax.fi/fritid-och-kultur/idrott-motion-och-friluftsliv/boka-utrymme/bokningar-och-avgifter","https://www.malax.fi/","200","motion; idrott"
"12.5.2026 klo 09.11","maarianhamina","keskitaso","105","Motion och friluftsliv","https://www.mariehamn.ax/idrott-och-fritid/motion-och-friluftsliv","https://www.mariehamn.ax/fi","200","motion; idrott; senior"
"12.5.2026 klo 09.11","marttila","keskitaso","90","Liikuntasaliryhmät &#8211; Marttilan kunta","https://marttila.fi/vapaa-aika-ja-hyvinvointi/liikunta/liikuntasali-ryhmat/","https://marttila.fi/","200","liikuntaryhm; jumppa"
"12.5.2026 klo 09.11","masku","korkea","110","Saattajakortti ja soveltava liikunta","https://masku.fi/vapaa-aika-ja-hyvinvointi/liikunta/soveltava-liikunta","https://www.masku.fi/","200","soveltava liikunta; liikuntaneuvonta; liikuntapalvelut"
"12.5.2026 klo 09.11","merijärvi","ei löytynyt","20","","","https://www.merijarvi.fi/","200",""
"12.5.2026 klo 09.11","merikarvia","korkea","240","Hae sivustolta","https://merikarvia.fi/vapaa-aika-ja-hyvinvointi/hyvinvointipalvelut/liikuntapalvelut/","https://merikarvia.fi/","200","ohjatut liikuntaryhm; liikuntaryhm; soveltava liikunta; liikuntaneuvonta; liikuntapalvelut"
"12.5.2026 klo 09.11","miehikkälä","ei löytynyt","0","","","https://www.miehikkala.fi/","200",""
"12.5.2026 klo 09.11","mikkeli","ei löytynyt","0","","","https://mikkeli.fi/","200",""
"12.5.2026 klo 09.11","muhos","korkea","440","Ohjattu liikunta","https://muhos.fi/kulttuuri-ja-vapaa-aika/liikunta/ohjattu-liikunta/","https://muhos.fi/","200","ohjattu liikunta; ohjattua liikuntaa; liikuntaryhm; tuolijumppa; vesijumppa; jumppa; liikuntaneuvonta; liikuntapalvelut"
"12.5.2026 klo 09.11","multia","ei löytynyt","0","","","https://multia.fi/","200",""
"12.5.2026 klo 09.11","muonio","ei löytynyt","20","","","https://www.muonio.fi/","200",""
"12.5.2026 klo 09.11","mustasaari","keskitaso","90","Motionsidrott","https://korsholm.fi/valfard/idrottsverksamhet/motionsidrott","https://korsholm.fi/","200","motion; idrott; senior"
"12.5.2026 klo 09.11","muurame","matala","50","Liikuntaneuvonta","https://www.muurame.fi/liikuntaneuvonta/","https://www.muurame.fi/","200","liikuntaneuvonta; liikunta ja ulkoilu"
"12.5.2026 klo 09.11","mynämäki","korkea","310","Ikäihmisten liikuntaryhmät","https://www.mynamaki.fi/vapaa-aika-ja-kulttuuri/liikunta/ikaihmisten-liikunta-ja-vapaa-aika/","https://www.mynamaki.fi/","200","liikuntaryhm; ikäihmisten liikunta; tuolijumppa; vesijumppa; jumppa; soveltava liikunta; senior"
"12.5.2026 klo 09.11","myrskylä","korkea","310","Ohjatut liikuntaryhmät","https://myrskyla.fi/palvelut/hyvinvointipalvelut/liikuntapalvelut/ohjatut-liikuntaryhmat/","https://myrskyla.fi/","200","ohjatut liikuntaryhm; liikuntaryhm; tuolijumppa; jumppa; liikuntaneuvonta; liikuntapalvelut"
"12.5.2026 klo 09.11","mäntsälä","korkea","290","Liikuntaryhmät","https://www.mantsala.fi/vapaa-aika-ja-matkailu/liikunta/liikuntaryhmat/","https://www.mantsala.fi/","200","liikuntaryhm; tuolijumppa; vesijumppa; jumppa; liikuntaneuvonta; senior"
"12.5.2026 klo 09.11","mänttä-vilppula","ei löytynyt","10","","","https://www.manttavilppula.fi/","200",""
"12.5.2026 klo 09.11","mäntyharju","keskitaso","75","Mäntyharju","https://www.mantyharju.fi/sivut/terveys-ja-hyvinvointi/hyvinvoinnin-edistaminen/liikuntaneuvonta/","https://www.mantyharju.fi/","200","liikuntaneuvonta"
"12.5.2026 klo 09.11","naantali","korkea","360","Liikuntapalvelut työikäisille","https://www.naantali.fi/fi/kulttuuri-ja-liikunta/liikunta-ja-ulkoilu/liikuntapalvelut-tyoikaisille","https://www.naantali.fi/","200","ohjattua liikuntaa; liikuntaryhm; jumppa; soveltava liikunta; liikuntaneuvonta; liikuntapalvelut; liikunta ja ulkoilu; senior"
"12.5.2026 klo 09.11","nakkila","korkea","285","Soveltava liikunta Nakkilassa","https://nakkila.fi/palvelut/hyvinvointipalvelut/liikuntapalvelut/soveltava-liikunta-nakkilassa/","https://nakkila.fi/","200","liikuntaryhm; tuolijumppa; jumppa; soveltava liikunta; liikuntaneuvonta; liikuntapalvelut"
"12.5.2026 klo 09.11","nivala","ei löytynyt","10","","","https://www.nivala.fi/","200",""
"12.5.2026 klo 09.11","nokia","korkea","525","Ohjattu liikunta","https://www.nokiankaupunki.fi/hyvinvointi-ja-vapaa-aika/liikunta-ja-ulkoilu/ohjattu-liikunta/","https://www.nokiankaupunki.fi/","200","ohjattu liikunta; liikuntaryhm; ikääntyneiden liikunta; tuolijumppa; vesijumppa; jumppa; soveltava liikunta; terveysliikunta; liikuntaneuvonta; liikuntapalvelut; liikunta ja ulkoilu"
"12.5.2026 klo 09.11","nousiainen","matala","40","Vahva keho jumppa, Toiminnallinen treeni, sekä kylmäuinnin kevätkauden aikataulut","https://nousiainen.fi/tiedote/vahva-keho-seka-toiminnallisen-jumpan-kevatkauden-aikataulut/","https://nousiainen.fi/","200","jumppa"
"12.5.2026 klo 09.11","nurmes","ei löytynyt","30","","","https://www.nurmes.fi/","200",""
"12.5.2026 klo 09.11","nurmijärvi","korkea","290","Soveltava liikunta","https://www.nurmijarvi.fi/kuntalaisen-palvelut/kulttuuri-ja-vapaa-aika/liikunta-ja-ulkoilu/soveltava-liikunta/","https://www.nurmijarvi.fi/","200","liikuntaryhm; ikäihmisten liikunta; jumppa; soveltava liikunta; liikuntaneuvonta; liikunta ja ulkoilu"
"12.5.2026 klo 09.11","närpiö","korkea","265","Soveltava liikunta ja senioriliikunta","https://www.narpes.fi/fi/kulttuuri-vapaa-aika-ja-nuoriso/liikunta-ja-ulkoilu/soveltava-liikunta-ja-liikunta-senioreille/","https://www.narpes.fi/","200","liikuntaryhm; senioriliikunta; soveltava liikunta; liikuntaneuvonta; motion; senior"
"12.5.2026 klo 09.11","orimattila","korkea","150","Liikuntapalvelut","https://orimattila.fi/vapaa-aika-ja-hyvinvointi/liikuntapalvelut/","https://orimattila.fi/","200","liikuntaryhm; liikuntaneuvonta; liikuntapalvelut; senior"
"12.5.2026 klo 09.11","oripää","korkea","185","Liikuntapalvelut | Orip&auml;&auml;n kunta","https://oripaa.fi/asukkaalle/hyvinvointi/liikuntapalvelut/","https://oripaa.fi/","200","tuolijumppa; jumppa; liikuntaneuvonta; liikuntapalvelut; senior"
"12.5.2026 klo 09.11","orivesi","korkea","465","Aikuisten ja senioreiden liikunta","https://orivesi.fi/asukkaalle/liikunta/ohjattu-liikunta/aikuisten-ja-senioreiden-liikunta/","https://orivesi.fi/","200","ohjattu liikunta; liikuntaryhm; senioreiden liikunta; tuolijumppa; vesijumppa; jumppa; liikuntapalvelut; senior"
"12.5.2026 klo 09.11","oulainen","korkea","395","Liikuntapalvelut","https://www.oulainen.fi/liikuntapalvelut","https://www.oulainen.fi/","200","liikuntaryhm; ikääntyneiden liikunta; vesijumppa; jumppa; soveltava liikunta; terveysliikunta; liikuntaneuvonta; liikuntapalvelut"
"12.5.2026 klo 09.11","oulu","korkea","550","Ohjattu liikunta","https://www.ouka.fi/liikuntaryhmat","https://www.ouka.fi/","200","ohjattu liikunta; ohjattua liikuntaa; liikuntaryhm; ikäihmisten liikunta; jumppa; soveltava liikunta; terveysliikunta; liikuntaneuvonta; liikuntapalvelut; senior"
"12.5.2026 klo 09.11","outokumpu","keskitaso","75","Liikuntaneuvonta","https://www.outokummunkaupunki.fi/kulttuuri-ja-vapaa-aika/liikuntapalvelut/liikuntaneuvonta/","https://www.outokummunkaupunki.fi/","200","liikuntaneuvonta; liikuntapalvelut"
"12.5.2026 klo 09.11","padasjoki","korkea","215","Liikuntaryhmät ja liikuntaneuvonta","https://www.padasjoki.fi/hyvinvointi-ja-kulttuuri/vapaa-aika-ja-liikunta/liikuntaryhmat-ja-liikuntaneuvonta","https://www.padasjoki.fi/","200","liikuntaryhm; jumppa; liikuntaneuvonta; liikuntapalvelut; senior"
"12.5.2026 klo 09.11","paimio","ei löytynyt","0","","","https://www.paimio.fi/","500",""
"12.5.2026 klo 09.11","paltamo","korkea","205","Ikäihmisten liikuntavinkit","https://www.paltamo.fi/hyvinvointi-ja-terveys/ikaihmisten-liikuntavinkit.html","https://www.paltamo.fi/","200","ikäihmisten liikunta; tuolijumppa; jumppa; liikunta ja ulkoilu; senior"
"12.5.2026 klo 09.11","parainen","korkea","150","Navigaatio","https://www.pargas.fi/sv/web/pargas/motions-radgivning","https://www.pargas.fi/","200","liikuntaneuvonta; motion; idrott; senior"
"12.5.2026 klo 09.11","parikkala","korkea","165","Parikkalan liikuntaryhmät","https://parikkala.fi/vapaa-aika/liikunta-ja-hyvinvointipalvelut/liikuntaryhmat/","https://parikkala.fi/","200","liikuntaryhm; jumppa; soveltava liikunta"
"12.5.2026 klo 09.11","parkano","ei löytynyt","0","","","https://www.parkano.fi/","200",""
"12.5.2026 klo 09.11","pedersören kunta","keskitaso","105","Minigolfplanen Axputt","https://www.pedersore.fi/sv/kultur-fritid/motion-och-friluftsliv/idrottsplatser/oevriga-idrottsplatser/minigolfplanen-axputt/","https://www.pedersore.fi/","200","motion; idrott; senior"
"12.5.2026 klo 09.11","pelkosenniemi","korkea","185","Liikuntapalvelut","https://pelkosenniemi.fi/vapaa-aika-ja-kulttuuri/harrastukset-ja-liikunta/liikuntapalvelut/","https://pelkosenniemi.fi/","200","liikuntaryhm; tasapainojumppa; jumppa; liikuntapalvelut"
"12.5.2026 klo 09.11","pello","korkea","290","Ohjattu liikunta","https://www.pello.fi/kulttuuri-ja-vapaa-aika/liikuntapalvelut/ohjattu-liikunta.html","https://www.pello.fi/","200","ohjattu liikunta; ohjattua liikuntaa; liikuntaryhm; jumppa; liikuntapalvelut; senior"
"12.5.2026 klo 09.11","perho","keskitaso","75","Erityisliikuntakortti - Perhon kunta","https://perho.com/erityisliikuntakortti/","https://perho.com/","200","erityisliikunta; liikuntaneuvonta"
"12.5.2026 klo 09.11","petäjävesi","korkea","200","Soveltava liikunta","https://www.petajavesi.fi/vapaa-aika-ja-kulttuuri/vapaa-ajan-palvelut2017/soveltava-liikunta","https://www.petajavesi.fi/","200","liikuntaryhm; soveltava liikunta; liikuntaneuvonta; liikuntapalvelut"
"12.5.2026 klo 09.11","pieksämäki","keskitaso","65","Erityisliikunta","https://www.pieksamaki.fi/tapahtumat-ja-vapaa-aika/liikunta/erityisliikunta/","https://www.pieksamaki.fi/","200","erityisliikunta; liikuntapalvelut"
"12.5.2026 klo 09.11","pielavesi","korkea","110","Liikunta- ja hyvinvointineuvonta","https://pielavesi.fi/sujuva-arki/terveys-ja-hyvinvointi/liikuntaneuvonta/","https://pielavesi.fi/","200","liikuntaneuvonta; liikunta ja ulkoilu; senior"
"12.5.2026 klo 09.11","pietarsaari","korkea","195","Pietarsaari","https://pietarsaari.fi/kulttuuri-ja-vapaa-aika/liikunta-ja-urheilu/uimahalli/erityisliikuntakortti","https://jakobstad.fi/","200","vesijumppa; jumppa; erityisliikunta; liikuntaneuvonta; senior"
"12.5.2026 klo 09.11","pihtipudas","korkea","240","Soveltava liikunta - Pihtiputaan kunta","https://pihtipudas.fi/vapaa-aika-ja-hyvinvointi/liikunta-ja-ulkoilu/soveltava-liikunta/","https://pihtipudas.fi/","200","ohjattua liikuntaa; jumppa; soveltava liikunta; erityisliikunta; liikunta ja ulkoilu"
"12.5.2026 klo 09.11","pirkkala","korkea","405","Soveltava liikunta","https://www.pirkkala.fi/liikunta/ohjatut-ryhmat/soveltava-liikunta/","https://www.pirkkala.fi/","200","liikuntaryhm; tuolijumppa; vesijumppa; jumppa; soveltava liikunta; terveysliikunta; liikuntaneuvonta; liikuntapalvelut; senior"
"12.5.2026 klo 09.11","polvijärvi","ei löytynyt","0","","","https://www.polvijarvi.fi/","200",""
"12.5.2026 klo 09.11","pomarkku","ei löytynyt","0","","","https://www.pomarkku.fi/","200",""
"12.5.2026 klo 09.11","pori","korkea","425","Kesäliikunta","https://www.pori.fi/vapaa-aika/liikunta/ohjattu-liikunta/kesaliikunta/","https://www.pori.fi/","200","ohjattu liikunta; ohjattua liikuntaa; ohjatut liikuntaryhm; liikuntaryhm; vesijumppa; jumppa; senior"
"12.5.2026 klo 09.11","pornainen","korkea","165","Ohjattu liikunta - Pornainen","https://pornainen.fi/kuntalaiset/kulttuuri-ja-vapaa-aika/liikunta-ja-ulkoilu/ohjattu-liikunta/","https://pornainen.fi","200","ohjattu liikunta; liikuntaneuvonta; liikuntapalvelut; liikunta ja ulkoilu"
"12.5.2026 klo 09.11","porvoo","korkea","145","Liikuntaneuvonta","https://www.porvoo.fi/kulttuuri-ja-vapaa-aika/liikunta-ja-ulkoilu/liikuntaa-ohjatusti-ja-omatoimisesti/liikuntaneuvonta/","https://www.porvoo.fi/","200","liikuntaryhm; jumppa; liikuntaneuvonta; liikunta ja ulkoilu"
"12.5.2026 klo 09.11","posio","keskitaso","90","Liikuntapalvelut","https://www.posio.fi/vapaa-aika/liikunta/liikuntapalvelut/","https://www.posio.fi/","200","ohjattua liikuntaa; liikuntapalvelut"
"12.5.2026 klo 09.11","pudasjärvi","korkea","305","Liikuntaryhmät","https://www.pudasjarvi.fi/liikuntapalvelut/liikuntatarjonta/","https://www.pudasjarvi.fi/","200","liikuntaryhm; tuolijumppa; vesijumppa; jumppa; liikuntaneuvonta; liikuntapalvelut; senior"
"12.5.2026 klo 09.11","pukkila","korkea","125","Tapahtumat","https://www.pukkila.fi/tapahtumat/?eventid=518&newstitle=Aivojumppa","https://www.pukkila.fi/","200","jumppa; liikuntaneuvonta; liikuntapalvelut; senior"
"12.5.2026 klo 09.11","punkalaidun","korkea","210","Evästeasetukset","https://www.punkalaidun.fi/sivu.tmpl?sivu_id=12249","https://www.punkalaidun.fi/","200","liikuntaryhm; vesijumppa; jumppa; liikuntaneuvonta; senior"
"12.5.2026 klo 09.11","puolanka","korkea","190","Vesijumppa senioreille alkaa 3.9 Mäntykodissa.","https://puolanka.fi/vesijumppa-senioreille-alkaa-3-9-mantykodissa/","https://puolanka.fi/","200","ohjattu liikunta; vesijumppa; jumppa; senior"
"12.5.2026 klo 09.11","puumala","keskitaso","65","sitemap","https://puumala.fi/tapahtumat/tyoikaisten-kuntojumppa/","https://puumala.fi/","200","jumppa; liikuntaneuvonta"
"12.5.2026 klo 09.11","pyhtää","ei löytynyt","0","","","https://pyhtaa.fi/","TypeError",""
"12.5.2026 klo 09.11","pyhäjoki","matala","60","Liikuntapalvelut","https://www.pyhajoki.fi/kulttuuri-ja-vapaa-aika/liikuntapalvelut","https://www.pyhajoki.fi/","200","jumppa; liikuntapalvelut; senior"
"12.5.2026 klo 09.11","pyhäjärvi","korkea","350","Ohjattu liikunta","https://www.pyhajarvi.fi/fi/ohjattu-liikunta","https://www.pyhajarvi.fi/","200","ohjattu liikunta; liikuntaryhm; ikäihmisten liikunta; vesijumppa; jumppa; liikuntaneuvonta; liikuntapalvelut"
"12.5.2026 klo 09.11","pyhäntä","ei löytynyt","0","","","https://www.pyhanta.fi/","200",""
"12.5.2026 klo 09.11","pyhäranta","ei löytynyt","0","","","https://www.pyharanta.fi/","200",""
"12.5.2026 klo 09.11","pälkäne","korkea","385","Ikäihmisten liikunta","https://www.palkane.fi/kulttuuri-ja-vapaa-aika/liikunta/ikaihmisten-liikunta/","https://www.palkane.fi/","200","liikuntaryhm; ikäihmisten liikunta; vesijumppa; jumppa; terveysliikunta; liikuntaneuvonta; liikuntapalvelut; senior"
"12.5.2026 klo 09.11","pöytyä","keskitaso","95","Ajankohtaista","https://www.poytya.fi/ajankohtaista/liikuntatoimen-kesaliikuntaryhmat-starttavat-jo-toukokuussa-/","https://www.poytya.fi/","200","liikuntaryhm; liikuntaneuvonta; senior"
"12.5.2026 klo 09.11","raahe","ei löytynyt","0","","","https://www.raahe.fi/","200",""
"12.5.2026 klo 09.11","raasepori","keskitaso","90","Seniorkonditionssalar","https://www.raseborg.fi/idrott-halsomotion-och-friluftsliv/idrottsplatser-och-bokningar/seniorkonditionssalar/","https://www.raseborg.fi/","200","motion; idrott; senior"
"12.5.2026 klo 09.11","raisio","matala","60","Soveltava liikunta","https://raisio.fi/fi/soveltavaliikunta","https://raisio.fi/","200","soveltava liikunta; liikunta ja ulkoilu"
"12.5.2026 klo 09.11","rantasalmi","keskitaso","95","Liikuntaneuvontaa vähän liikkuville työikäisille ja ikäihmisille","https://www.rantasalmi.fi/liikuntaneuvontaa-vahan-liikkuville-tyoikaisille-ja-ikaihmisille/","https://www.rantasalmi.fi/","200","liikuntaneuvonta; liikuntapalvelut"
"12.5.2026 klo 09.11","ranua","ei löytynyt","20","","","https://www.ranua.fi/","200",""
"12.5.2026 klo 09.11","rauma","korkea","325","Aikuiset ja seniorit","https://www.rauma.fi/kulttuuri-ja-vapaa-aika/liikunta/ohjattu-liikunta/aikuiset-ja-seniorit/","https://www.rauma.fi/","200","ohjattu liikunta; liikuntaryhm; tuolijumppa; vesijumppa; jumppa; senior"
"12.5.2026 klo 09.11","rautalampi","ei löytynyt","0","","","https://www.rautalampi.fi/","200",""
"12.5.2026 klo 09.11","rautavaara","ei löytynyt","0","","","https://www.rautavaara.fi/","200",""
"12.5.2026 klo 09.11","rautjärvi","ei löytynyt","0","","","https://www.rautjarvi.fi/","200",""
"12.5.2026 klo 09.11","reisjärvi","ei löytynyt","20","","","https://www.reisjarvi.fi/","200",""
"12.5.2026 klo 09.11","riihimäki","ei löytynyt","0","","","https://www.riihimaki.fi/","500",""
"12.5.2026 klo 09.11","ristijärvi","ei löytynyt","0","","","https://www.ristijarvi.fi/","200",""
"12.5.2026 klo 09.11","rovaniemi","korkea","540","Senioriliikunta","https://www.rovaniemi.fi/Vapaa-aika/Liikuntapalvelut/Senioriliikunta","https://www.rovaniemi.fi/","200","ohjattua liikuntaa; liikuntaryhm; senioriliikunta; tuolijumppa; vesijumppa; jumppa; soveltava liikunta; terveysliikunta; liikuntaneuvonta; liikuntapalvelut; senior"
"12.5.2026 klo 09.11","ruovesi","ei löytynyt","20","","","https://www.ruovesi.fi/","200",""
"12.5.2026 klo 09.11","rusko","matala","35","Verkkosivun näkymän koon muuttaminen","https://rusko.fi/vapaa-aika-ja-hyvinvointi/liikuntapalvelut/liikuntaneuvonta/","https://rusko.fi/","200","liikuntaneuvonta; liikuntapalvelut"
"12.5.2026 klo 09.11","rääkkylä","korkea","285","Ohjattu liikunta","https://www.raakkyla.fi/kulttuuri-ja-vapaa-aika/liikunta/ohjattu-liikunta/","https://www.raakkyla.fi/","200","ohjattu liikunta; ohjattua liikuntaa; liikuntaryhm; liikuntapalvelut; senior"
"12.5.2026 klo 09.11","saarijärvi","ei löytynyt","0","","","https://saarijarvi.fi/","200",""
"12.5.2026 klo 09.11","salla","ei löytynyt","0","","","https://www.salla.fi/","200",""
"12.5.2026 klo 09.11","salo","korkea","280","Soveltava liikunta","https://salo.fi/vapaa-aika-ja-matkailu/liikunta/ohjattuliikunta/soveltava-liikunta/","https://salo.fi/","200","ohjattu liikunta; liikuntaryhm; soveltava liikunta; liikuntaneuvonta; liikuntapalvelut"
"12.5.2026 klo 09.11","saltvik","ei löytynyt","0","","","https://www.saltvik.ax/","200",""
"12.5.2026 klo 09.11","sastamala","korkea","340","Liikuntaryhmät","https://sastamala.fi/arki-ja-vapaa-aika/liikunta/liikuntaryhmat/","https://sastamala.fi/","200","liikuntaryhm; tasapainojumppa; vesijumppa; jumppa; soveltava liikunta; liikuntaneuvonta; liikuntapalvelut; senior"
"12.5.2026 klo 09.11","sauvo","korkea","120","Liikuntaneuvonta","https://www.sauvo.fi/kulttuuri-ja-vapaa-aika/hyvinvointi/liikuntaneuvonta/","https://www.sauvo.fi/","200","liikuntaryhm; liikuntaneuvonta; liikunta ja ulkoilu"
"12.5.2026 klo 09.11","savonlinna","korkea","260","Liikuntaneuvonta Savonlinnassa","https://www.savonlinna.fi/asukas/liikunta-ja-ulkoilu/liikuntaneuvonta/","https://www.savonlinna.fi/","200","liikuntaryhm; tuolijumppa; jumppa; liikuntaneuvonta; liikuntapalvelut; liikunta ja ulkoilu"
"12.5.2026 klo 09.11","savukoski","korkea","145","Kevään 2026 liikuntaryhmät","https://www.savukoski.fi/news-article/liikuntapalvelut/","https://www.savukoski.fi/","200","liikuntaryhm; jumppa; liikuntapalvelut"
"12.5.2026 klo 09.11","seinäjoki","korkea","440","Vertaisohjaaja liikuntaryhmät","https://www.seinajoki.fi/kulttuuri-ja-liikunta/liikunta/ohjattuliikunta/vertaisohjaaja-liikuntaryhmat/","https://www.seinajoki.fi/","200","ohjattu liikunta; liikuntaryhm; tuolijumppa; vesijumppa; jumppa; soveltava liikunta; liikuntaneuvonta; liikuntapalvelut; senior"
"12.5.2026 klo 09.11","sievi","korkea","310","Työttömien ohjattu liikunta keskiviikkoisin","https://www.sievi.fi/tapahtuma/tyottomien-ohjattu-liikunta-keskiviikkoisin","https://www.sievi.fi/","200","ohjattu liikunta; ohjattua liikuntaa; liikuntaryhm; liikuntaneuvonta; liikuntapalvelut; senior"
"12.5.2026 klo 09.11","siikainen","ei löytynyt","10","","","https://siikainen.fi/","200",""
"12.5.2026 klo 09.11","siikajoki","matala","45","Liikuntaneuvonta","https://www.siikajoki.fi/liikuntaneuvonta","https://www.siikajoki.fi/","200","liikuntaneuvonta; senior"
"12.5.2026 klo 09.11","siikalatva","korkea","360","Ohjattua liikuntaa","https://siikalatva.fi/vapaa-aika/liikuntapalvelut/ohjattua-liikuntaa/","https://siikalatva.fi/","200","ohjattua liikuntaa; liikuntaryhm; senioriliikunta; tuolijumppa; jumppa; liikuntapalvelut; senior"
"12.5.2026 klo 09.11","siilinjärvi","korkea","320","Liikuntaneuvonta","https://siilinjarvi.fi/hyvinvointi-ja-vapaa-aika/liikuntapalvelut/terveys-ja-erityisliikunta/liikuntaneuvonta/","https://www.siilinjarvi.fi/","200","liikuntaryhm; ikääntyneiden liikunta; jumppa; erityisliikunta; liikuntaneuvonta; liikuntapalvelut; senior"
"12.5.2026 klo 09.11","simo","matala","40","Liikunta- ja terveyspalvelujen tueksi: Kaikille sopivat jumppaohjeet videomuodossa","https://www.simo.fi/ajankohtaista/liikunta-ja-terveyspalvelujen-tueksi-kaikille-sopivat-jumppaohjeet-videomuodossa/","https://www.simo.fi/","200","jumppa"
"12.5.2026 klo 09.11","sipoo","ei löytynyt","10","","","https://www.sipoo.fi/","200",""
"12.5.2026 klo 09.11","siuntio","korkea","380","Ohjattu ja opastettu liikunta","https://www.siuntio.fi/vapaa-aika-ja-liikunta/liikunta-ja-ulkoilu/ohjattua-liikuntaa/","https://www.siuntio.fi/","200","ohjattua liikuntaa; liikuntaryhm; tuolijumppa; vesijumppa; jumppa; liikuntaneuvonta; liikunta ja ulkoilu; senior"
"12.5.2026 klo 09.11","sodankylä","korkea","150","Ohjattu liikunta","https://www.sodankyla.fi/vapaa-aika-ja-hyvinvointi/liikunta/ohjattu-liikunta/","https://www.sodankyla.fi/","200","ohjattu liikunta; vesijumppa; jumppa"
"12.5.2026 klo 09.11","soini","ei löytynyt","0","","","https://soini.fi/","200",""
"12.5.2026 klo 09.11","somero","korkea","600","Ohjattua liikuntaa kev&auml;&auml;ll&auml; 2026","https://www.somero.fi/vapaa-aika-ja-matkailu/liikunta-ja-ulkoilu/ohjattua-liikuntaa/","https://www.somero.fi/","200","ohjattua liikuntaa; liikuntaryhm; senioriliikunta; tuolijumppa; tasapainojumppa; vesijumppa; jumppa; soveltava liikunta; liikuntaneuvonta; liikuntapalvelut; liikunta ja ulkoilu; senior"
"12.5.2026 klo 09.11","sotkamo","korkea","160","Liikuntaneuvonta - Sotkamo","https://www.sotkamo.fi/vapaa-aika-ja-liikunta/liikuntapalvelut/liikuntaneuvonta/","https://www.sotkamo.fi/","200","tuolijumppa; jumppa; liikuntaneuvonta; liikuntapalvelut"
"12.5.2026 klo 09.11","sottunga","ei löytynyt","0","","","https://www.sottunga.ax/","200",""
"12.5.2026 klo 09.11","sulkava","matala","55","Liikuntaneuvontaa Sulkavalla","https://sulkava.fi/liikuntaneuvontaa-sulkavalla/","https://sulkava.fi/","200","liikuntaneuvonta"
"12.5.2026 klo 09.11","sund","ei löytynyt","0","","","https://www.sund.ax/","200",""
"12.5.2026 klo 09.11","suonenjoki","korkea","240","Kauden 2024-2025 liikuntaryhmiin ilmoittautuminen alkaa elokuussa","https://suonenjoki.fi/kauden-2024-2025-liikuntaryhmiin-ilmoittautuminen-alkaa-elokuussa/","https://suonenjoki.fi/","200","liikuntaryhm; vesijumppa; jumppa; soveltava liikunta; liikuntaneuvonta"
"12.5.2026 klo 09.11","sysmä","matala","55","Liikuntaneuvonta","https://sysma.fi/liikuntaneuvontaa/","https://sysma.fi/","200","liikuntaneuvonta; liikuntapalvelut"
"12.5.2026 klo 09.11","säkylä","korkea","235","Liikuntaneuvonta","https://www.sakyla.fi/vapaa-aika/liikuntapalvelut/liikuntaneuvonta/","https://www.sakyla.fi/","200","ohjatut liikuntaryhm; liikuntaryhm; terveysliikunta; liikuntaneuvonta; liikuntapalvelut"
"12.5.2026 klo 09.11","taivalkoski","ei löytynyt","0","","","https://www.taivalkoski.fi/","200",""
"12.5.2026 klo 09.11","taivassalo","korkea","220","Liikuntaryhmät","https://www.taivassalo.fi/vapaa-aika/liikunta/liikuntaryhmat","https://www.taivassalo.fi/","200","liikuntaryhm; tuolijumppa; jumppa; liikuntaneuvonta; senior"
"12.5.2026 klo 09.11","tammela","korkea","195","Erityisliikunta","https://www.tammela.fi/kulttuuri-vapaa-aika-ja-liikunta/liikuntapalvelut/erityisliikunta","https://www.tammela.fi/","200","tuolijumppa; jumppa; erityisliikunta; liikuntapalvelut; senior"
"12.5.2026 klo 09.11","tampere","keskitaso","90","Tukea liikuntaneuvonnasta","https://www.tampere.fi/liikunta/tukea-liikuntaneuvonnasta","https://www.tampere.fi/","200","liikuntaryhm; liikuntaneuvonta"
"12.5.2026 klo 09.11","tervo","matala","40","Liikunta ja ulkoilu - Tervo","https://www.tervo.fi/fi/liikuntapalvelut","https://www.tervo.fi/","200","liikuntapalvelut; liikunta ja ulkoilu"
"12.5.2026 klo 09.11","tervola","ei löytynyt","20","","","https://tervola.fi","200",""
"12.5.2026 klo 09.11","teuva","ei löytynyt","30","","","https://teuva.fi/","200",""
"12.5.2026 klo 09.11","tohmajärvi","ei löytynyt","20","","","https://www.tohmajarvi.fi/","200",""
"12.5.2026 klo 09.11","toholampi","keskitaso","100","Senioreiden kuntokortit ja erityisliikuntakortit saatavilla tammikuussa","https://www.toholampi.fi/erityisliikuntakortit-ja-senioreiden-kuntokortit-saatavilla/","https://www.toholampi.fi/","200","erityisliikunta; liikuntaneuvonta; senior"
"12.5.2026 klo 09.11","toivakka","matala","45","Liikuntaneuvonta","https://www.toivakka.fi/vapaa-aika-ja-kulttuuri/hyvinvointi/liikuntaneuvonta/","https://www.toivakka.fi/","200","liikuntaneuvonta; senior"
"12.5.2026 klo 09.11","tornio","korkea","210","Soveltava liikunta","https://www.tornio.fi/kulttuuri-ja-vapaa-aika/liikunta/soveltavaliikunta/","https://www.tornio.fi/","200","liikuntaryhm; tuolijumppa; jumppa; soveltava liikunta; senior"
"12.5.2026 klo 09.11","turku","korkea","360","Aikuisten soveltava liikunta","https://www.turku.fi/liikunta/aikuisten-soveltava-liikunta","https://turku.fi","200","ohjattu liikunta; liikuntaryhm; vesijumppa; jumppa; soveltava liikunta; liikuntaneuvonta; liikuntapalvelut; senior"
"12.5.2026 klo 09.11","tuusniemi","matala","45","Asahi-terveysliikuntatuokio - Tapahtumat - Tuusniemi","https://www.tuusniemi.fi/-/asahi-terveysliikuntatuokio","https://www.tuusniemi.fi/","200","terveysliikunta"
"12.5.2026 klo 09.11","tuusula","korkea","435","Ohjattu liikunta","https://tuusula.fi/etusivu/kulttuuri-ja-vapaa-aika/liikunta/ohjattu-liikunta/","https://www.tuusula.fi/","200","ohjattu liikunta; liikuntaryhm; ikäihmisten liikunta; vesijumppa; jumppa; soveltava liikunta; terveysliikunta; liikuntapalvelut; senior"
"12.5.2026 klo 09.11","tyrnävä","korkea","205","Soveltava liikunta - Tyrnävän kunta","https://www.tyrnava.fi/kulttuuri-ja-vapaa-aika/liikuntapalvelut/liikuntatarjonta/soveltava-liikunta.html","https://www.tyrnava.fi/","200","liikuntaryhm; soveltava liikunta; liikuntaneuvonta; liikuntapalvelut; senior"
"12.5.2026 klo 09.11","ulvila","korkea","145","Liikuntaneuvonta","https://www.ulvila.fi/palvelut-ja-asuminen/vapaa-aikapalvelut/liikuntapalvelut/liikuntaneuvonta/","https://www.ulvila.fi/","200","liikuntaryhm; liikuntaneuvonta; liikuntapalvelut"
"12.5.2026 klo 09.11","urjala","matala","50","Liikuntaneuvonta","https://www.urjala.fi/ela-ja-voi-hyvin/liikunta-ja-ulkoilu/liikuntaneuvonta/","https://www.urjala.fi/","200","liikuntaneuvonta; liikunta ja ulkoilu"
"12.5.2026 klo 09.11","utajärvi","korkea","135","Soveltava liikunta","https://www.utajarvi.fi/fi/liikunta_ja_vapaa-aika/soveltava_liikunta/","https://www.utajarvi.fi/","200","jumppa; soveltava liikunta; liikuntapalvelut; senior"
"12.5.2026 klo 09.11","utsjoki","korkea","315","Liikuntatoimi tiedottaa: Kesän ohjatut liikuntaryhmät alkavat viikolla 24","https://www.utsjoki.fi/news-article/liikuntatoimi-tiedottaa-kesan-ohjatut-liikuntaryhmat-alkavat-viikolla-24/","https://www.utsjoki.fi/","200","ohjattua liikuntaa; ohjatut liikuntaryhm; liikuntaryhm; jumppa; liikuntaneuvonta"
"12.5.2026 klo 09.11","uurainen","keskitaso","80","Liikuntaryhmät","https://uurainen.fi/kulttuuri-ja-vapaa-aika/ulkoilu-ja-liikunta/liikuntaryhmat/","https://uurainen.fi/","200","liikuntaryhm; liikuntapalvelut"
"12.5.2026 klo 09.11","uusikaarlepyy","keskitaso","80","Stjärnhallen","https://www.nykarleby.fi/kultur-fritid-och-valfard/idrott-och-motion/stjarnhallen/","https://www.nykarleby.fi/","200","motion; idrott"
"12.5.2026 klo 09.11","uusikaupunki","korkea","215","Erityis- ja terveysliikunta","https://uusikaupunki.fi/fi/erityis-ja-terveysliikunta","https://uusikaupunki.fi/","200","vesijumppa; jumppa; erityisliikunta; terveysliikunta"
"12.5.2026 klo 09.11","vaala","keskitaso","105","Senioriliikuntapäivä","https://www.vaala.fi/tapahtumat/senioriliikuntapaiva/","https://www.vaala.fi/","200","senioriliikunta; liikuntapalvelut; senior"
"12.5.2026 klo 09.11","vaasa","keskitaso","105","Liikuntaneuvontaa perheille","https://www.vaasa.fi/asu-ja-ela/vapaa-aika/liikunta-ja-ulkoilu/liikuntaneuvonta/liikuntaneuvontaa-perheille/","https://www.vaasa.fi/","200","soveltava liikunta; liikuntaneuvonta; liikunta ja ulkoilu"
"12.5.2026 klo 09.11","valkeakoski","ei löytynyt","0","","","https://www.valkeakoski.fi/","500",""
"12.5.2026 klo 09.11","vantaa","korkea","540","Erityisryhmien liikunta","https://www.vantaa.fi/fi/vapaa-aika-ja-harrastukset/liikunta-ja-ulkoilu/erityisryhmien-liikunta","https://www.vantaa.fi/","200","ohjattu liikunta; ohjattua liikuntaa; liikuntaryhm; senioreiden liikunta; tuolijumppa; vesijumppa; jumppa; soveltava liikunta; liikunta ja ulkoilu; senior"
"12.5.2026 klo 09.11","varkaus","ei löytynyt","0","","","https://varkaus.fi/","200",""
"12.5.2026 klo 09.11","vehmaa","keskitaso","75","Liikuntaneuvonta","https://www.vehmaa.fi/hyvinvointi-ja-vapaa-aika/liikunta/liikuntaneuvonta/","https://www.vehmaa.fi/","200","liikuntaneuvonta; liikuntapalvelut"
"12.5.2026 klo 09.11","vesanto","korkea","120","Liikuntaryhmät","https://vesanto.fi/hyvinvointi/liikunta-ja-ulkoilu/liikuntaryhmat/","https://vesanto.fi/","200","liikuntaryhm; liikuntaneuvonta; liikunta ja ulkoilu"
"12.5.2026 klo 09.11","vesilahti","korkea","230","Ohjattu liikunta","https://www.vesilahti.fi/vapaa-aika/liikuntapalvelut/ohjattu-liikunta","https://www.vesilahti.fi/","200","ohjattu liikunta; senioriliikunta; jumppa; liikuntapalvelut; senior"
"12.5.2026 klo 09.11","veteli","ei löytynyt","0","","","https://veteli.fi/","200",""
"12.5.2026 klo 09.11","vieremä","korkea","385","Soveltava liikunta","https://vierema.fi/vapaa-aika-ja-hyvinvointi/liikunta/soveltava-liikunta/","https://vierema.fi/","200","ohjattua liikuntaa; liikuntaryhm; tuolijumppa; jumppa; soveltava liikunta; erityisliikunta; liikuntaneuvonta"
"12.5.2026 klo 09.11","vihti","korkea","240","Ohjattu liikunta","https://www.vihti.fi/kulttuuri-ja-vapaa-aika/liikunta/ohjattu-liikunta/","https://www.vihti.fi/","200","ohjattu liikunta; vesijumppa; jumppa; soveltava liikunta; liikuntapalvelut"
"12.5.2026 klo 09.11","viitasaari","korkea","190","Soveltava liikunta (erityisliikunta)","https://viitasaari.fi/kulttuuri-ja-vapaa-aika/liikuntapalvelut/soveltava-liikunta-erityisliikunta/","https://viitasaari.fi/","200","soveltava liikunta; erityisliikunta; liikuntaneuvonta; liikuntapalvelut; senior"
"12.5.2026 klo 09.11","vimpeli","ei löytynyt","10","","","https://www.vimpeli.fi/","200",""
"12.5.2026 klo 09.11","virolahti","korkea","325","Ohjattu liikunta","https://virolahti.fi/kulttuuri-ja-vapaa-aika/liikunta/ohjattuliikunta/","https://virolahti.fi/","200","ohjattu liikunta; liikuntaryhm; tuolijumppa; jumppa; terveysliikunta; liikuntaneuvonta"
"12.5.2026 klo 09.11","virrat","matala","55","Tapahtumat","https://www.virrat.fi/tapahtumakalenteri/?eventid=2374&newstitle=Editin+puiston+jumppa","https://www.virrat.fi","200","jumppa; liikuntapalvelut"
"12.5.2026 klo 09.11","vårdö","ei löytynyt","0","","","https://www.vardo.ax/","200",""
"12.5.2026 klo 09.11","vöyri","ei löytynyt","0","","","https://www.vora.fi/","200",""
"12.5.2026 klo 09.11","ylitornio","ei löytynyt","0","","","https://ylitornio.fi/","500",""
"12.5.2026 klo 09.11","ylivieska","korkea","385","Ohjattu liikunta, erityisliikunta ja tyhy-palvelut","https://www.ylivieska.fi/vapaa-ajan-palvelut/liikuntapalvelut/ohjattu-liikunta-ja-tyky-palvelut/","https://www.ylivieska.fi/","200","ohjattu liikunta; ohjattua liikuntaa; liikuntaryhm; jumppa; erityisliikunta; liikuntaneuvonta; liikuntapalvelut"
"12.5.2026 klo 09.11","ylöjärvi","korkea","380","Ohjattu liikunta","https://www.ylojarvi.fi/ohjattu-liikunta/","https://www.ylojarvi.fi/","200","ohjattu liikunta; liikuntaryhm; ikäihmisten liikunta; tuolijumppa; jumppa; liikuntaneuvonta; liikuntapalvelut"
"12.5.2026 klo 09.11","ypäjä","keskitaso","75","Liikuntaneuvonta","https://ypaja.fi/liikuntaneuvonta/","https://ypaja.fi/","200","liikuntaneuvonta; liikuntapalvelut"
"12.5.2026 klo 09.11","ähtäri","ei löytynyt","0","","","https://www.ahtari.fi/","200",""
"12.5.2026 klo 09.11","äänekoski","korkea","320","Liikuntaneuvonta","https://www.aanekoski.fi/kulttuuri-ja-liikunta/liikunta/liikuntaneuvonta?viewapp=1","https://www.aanekoski.fi/","200","liikuntaryhm; ikääntyneiden liikunta; vesijumppa; jumppa; liikuntaneuvonta; senior"
